,index,Country Name,Image URL
0,0,Afghanistan,http://www.countryflags.org/flags/af-t.gif
1,1,Albania,http://www.countryflags.org/flags/al-t.gif
2,2,Algeria,http://www.countryflags.org/flags/ag-t.gif
3,3,American Samoa,http://www.countryflags.org/flags/aq-t.gif
4,4,Andorra,http://www.countryflags.org/flags/an-t.gif
5,5,Angola,http://www.countryflags.org/flags/ao-t.gif
6,6,Anguila,http://www.countryflags.org/flags/av-t.gif
7,7,Arab League,http://www.countryflags.org/flags/arabl.gif
8,8,Antarctica,http://www.countryflags.org/flags/ay-t.gif
9,9,Antigua and Barbuda,http://www.countryflags.org/flags/ac-t.gif
10,10,Argentina,http://www.countryflags.org/flags/ar-t.gif
11,11,Armenia,http://www.countryflags.org/flags/am-t.gif
12,12,Aruba,http://www.countryflags.org/flags/aa-t.gif
13,13,Ashmore and Cartier Islands,http://www.countryflags.org/flags/at-t.gif
14,14,Australia,http://www.countryflags.org/flags/as-t.gif
15,15,Australia,http://www.countryflags.org/flags/au-t.gif
16,16,Azerbaijan,http://www.countryflags.org/flags/aj-t.gif
17,17,Bahamas,http://www.countryflags.org/flags/bf-t.gif
18,18,Bahrain,http://www.countryflags.org/flags/ba-t.gif
19,19,Bangladesh,http://www.countryflags.org/flags/bg-t.gif
20,20,Barbados,http://www.countryflags.org/flags/bb-t.gif
21,21,Belarus,http://www.countryflags.org/flags/bo-t.gif
22,22,Belgium,http://www.countryflags.org/flags/be-t.gif
23,23,Belize,http://www.countryflags.org/flags/bz-t.gif
24,24,Benin,http://www.countryflags.org/flags/bn-t.gif
25,25,Bermuda,http://www.countryflags.org/flags/bd-t.gif
26,26,Bhutan,http://www.countryflags.org/flags/bt-t.gif
27,27,Bolivia,http://www.countryflags.org/flags/bl-t.gif
28,28,Bosnia and Herzegovina,http://www.countryflags.org/flags/bosnia.gif
29,29,Botswana,http://www.countryflags.org/flags/bc-t.gif
30,30,Bouvet Island,http://www.countryflags.org/flags/bv-t.gif
31,31,Brazil,http://www.countryflags.org/flags/br-t.gif
32,32,British Indian Ocean Territory,http://www.countryflags.org/flags/io-t.gif
33,33,Brunei Darussalam,http://www.countryflags.org/flags/bx-t.gif
34,34,Bulgaria,http://www.countryflags.org/flags/bu-t.gif
35,35,Burkina Faso,http://www.countryflags.org/flags/uv-t.gif
36,36,Burma,http://www.countryflags.org/flags/bm-t.gif
37,37,Burundi,http://www.countryflags.org/flags/bi-t.gif
38,38,Cambodia (CIA World Fact Book),http://www.countryflags.org/flags/bk-t.gif
39,39,Cambodia,http://www.countryflags.org/flags/kh-t.gif
40,40,Cameroon,http://www.countryflags.org/flags/cm-t.gif
41,41,Canada,http://www.countryflags.org/flags/ca-t.gif
42,42,Cape Verde,http://www.countryflags.org/flags/cv-t.gif
43,43,Cayman Islands,http://www.countryflags.org/flags/ky-t.gif
44,44,Central African Republic,http://www.countryflags.org/flags/ct-t.gif
45,45,Chad,http://www.countryflags.org/flags/cd-t.gif
46,46,Chile,http://www.countryflags.org/flags/cl-t.gif
47,47,China,http://www.countryflags.org/flags/ch-t.gif
48,48,Christmas Island,http://www.countryflags.org/flags/kt-t.gif
49,49,Cocos (Keeling) Islands,http://www.countryflags.org/flags/ck-t.gif
50,50,Colombia,http://www.countryflags.org/flags/co-t.gif
51,51,Comoros,http://www.countryflags.org/flags/cn-t.gif
52,52,"Congo, Democratic Republic",http://www.countryflags.org/flags/cg-t.gif
53,53,"Congo, Republic of the",http://www.countryflags.org/flags/cf-t.gif
54,54,Cook Islands,http://www.countryflags.org/flags/cw-t.gif
55,55,Costa Rica,http://www.countryflags.org/flags/cs-t.gif
56,56,Cote D'Ivoire,http://www.countryflags.org/flags/iv-t.gif
57,57,Croatia (Hrvatska),http://www.countryflags.org/flags/hr-t.gif
58,58,Cuba,http://www.countryflags.org/flags/cu-t.gif
59,59,Cyprus,http://www.countryflags.org/flags/cy-t.gif
60,60,Czech Republic,http://www.countryflags.org/flags/ez-t.gif
61,61,Czechoslovakia (former),http://www.countryflags.org/flags/cz-t.gif
62,62,Denmark,http://www.countryflags.org/flags/da-t.gif
63,63,Djibouti,http://www.countryflags.org/flags/dj-t.gif
64,64,Dominica,http://www.countryflags.org/flags/do-t.gif
65,65,Dominican Republic,http://www.countryflags.org/flags/dr-t.gif
66,66,East Timor,http://www.countryflags.org/flags/e_timor.gif
67,67,Ecuador,http://www.countryflags.org/flags/ec-t.gif
68,68,Egypt,http://www.countryflags.org/flags/eg-t.gif
69,69,El Salvador,http://www.countryflags.org/flags/es-t.gif
70,70,Equatorial Guinea,http://www.countryflags.org/flags/ek-t.gif
71,71,Eritrea,http://www.countryflags.org/flags/er-t.gif
72,72,Estonia,http://www.countryflags.org/flags/en-t.gif
73,73,Ethiopia,http://www.countryflags.org/flags/et-t.gif
74,74,F.Y.R.O.M. (Macedonia),http://www.countryflags.org/flags/mk-t.gif
75,75,Falkland Islands (Malvinas),http://www.countryflags.org/flags/fk-t.gif
76,76,Faroe Islands,http://www.countryflags.org/flags/fo.gif
77,77,Fiji,http://www.countryflags.org/flags/fj-t.gif
78,78,Finland,http://www.countryflags.org/flags/fi-t.gif
79,79,France,http://www.countryflags.org/flags/fr-t.gif
80,80,"France, Metropolitan",http://www.countryflags.org/flags/fr-t.gif
81,81,French Guiana,http://www.countryflags.org/flags/gf-t.gif
82,82,French Polynesia,http://www.countryflags.org/flags/pf-t.gif
83,83,French Southern Territories,http://www.countryflags.org/flags/frsouth.gif
84,84,Gabon,http://www.countryflags.org/flags/gb-t.gif
85,85,Gambia,http://www.countryflags.org/flags/ga-t.gif
86,86,Georgia,http://www.countryflags.org/flags/gg-t.gif
87,87,Germany,http://www.countryflags.org/flags/de-t.gif
88,88,Ghana,http://www.countryflags.org/flags/gh-t.gif
89,89,Gibraltar,http://www.countryflags.org/flags/gi-t.gif
90,90,Greece,http://www.countryflags.org/flags/gr-t.gif
91,91,Greenland,http://www.countryflags.org/flags/gl-t.gif
92,92,Grenada,http://www.countryflags.org/flags/gd-t.gif
93,93,Guadeloupe,http://www.countryflags.org/flags/gp-t.gif
94,94,Guam,http://www.countryflags.org/flags/gq-t.gif
95,95,Guatemala,http://www.countryflags.org/flags/gt-t.gif
96,96,Guinea,http://www.countryflags.org/flags/gv-t.gif
97,97,Guinea-Bissau,http://www.countryflags.org/flags/gn-t.gif
98,98,Guyana,http://www.countryflags.org/flags/gy-t.gif
99,99,Haiti,http://www.countryflags.org/flags/ha-t.gif
100,100,Heard and McDonald Islands,http://www.countryflags.org/flags/hm-t.gif
101,101,Honduras,http://www.countryflags.org/flags/hn-t.gif
102,102,Hong Kong,http://www.countryflags.org/flags/hk.gif
103,103,Hungary,http://www.countryflags.org/flags/hu-t.gif
104,104,Iceland,http://www.countryflags.org/flags/ic-t.gif
105,105,India,http://www.countryflags.org/flags/in-t.gif
106,106,Indonesia,http://www.countryflags.org/flags/id-t.gif
107,107,Iran,http://www.countryflags.org/flags/ir-t.gif
108,108,Iraq,http://www.countryflags.org/flags/iq-t.gif
109,109,Ireland,http://www.countryflags.org/flags/ie-t.gif
110,110,Israel,http://www.countryflags.org/flags/is-t.gif
111,111,Italy,http://www.countryflags.org/flags/it-t.gif
112,112,Jamaica,http://www.countryflags.org/flags/jm-t.gif
113,113,Japan,http://www.countryflags.org/flags/ja-t.gif
114,114,Jordan,http://www.countryflags.org/flags/jo-t.gif
115,115,Kazakhstan,http://www.countryflags.org/flags/kz-t.gif
116,116,Kenya,http://www.countryflags.org/flags/ke-t.gif
117,117,Kiribati,http://www.countryflags.org/flags/kr-t.gif
118,118,Korea (North),http://www.countryflags.org/flags/kn-t.gif
119,119,Korea (South),http://www.countryflags.org/flags/ks-t.gif
120,120,Kuwait,http://www.countryflags.org/flags/kw-t.gif
121,121,Kyrgyzstan,http://www.countryflags.org/flags/kg-t.gif
122,122,Laos,http://www.countryflags.org/flags/la-t.gif
123,123,Latvia,http://www.countryflags.org/flags/lg-t.gif
124,124,Lebanon,http://www.countryflags.org/flags/le-t.gif
125,125,Lesotho,http://www.countryflags.org/flags/ls-t.gif
126,126,Liberia,http://www.countryflags.org/flags/lr-t.gif
127,127,Libya,http://www.countryflags.org/flags/ly-t.gif
128,128,Liechtenstein,http://www.countryflags.org/flags/li-t.gif
129,129,Lithuania,http://www.countryflags.org/flags/lh-t.gif
130,130,Luxembourg,http://www.countryflags.org/flags/lu-t.gif
131,131,Macau,http://www.countryflags.org/flags/mc-t.gif
132,132,Madagascar,http://www.countryflags.org/flags/ma-t.gif
133,133,Malawi,http://www.countryflags.org/flags/mi-t.gif
134,134,Malaysia,http://www.countryflags.org/flags/my-t.gif
135,135,Maldives,http://www.countryflags.org/flags/mv-t.gif
136,136,Mali,http://www.countryflags.org/flags/ml-t.gif
137,137,Malta,http://www.countryflags.org/flags/mt-t.gif
138,138,Marshall Islands,http://www.countryflags.org/flags/rm-t.gif
139,139,Martinique,http://www.countryflags.org/flags/mb-t.gif
140,140,Mauritania,http://www.countryflags.org/flags/mr-t.gif
141,141,Mauritius,http://www.countryflags.org/flags/mp-t.gif
142,142,Mayotte,http://www.countryflags.org/flags/yt-t.gif
143,143,Mexico,http://www.countryflags.org/flags/mx-t.gif
144,144,Micronesia,http://www.countryflags.org/flags/fm-t.gif
145,145,Moldova,http://www.countryflags.org/flags/md-t.gif
146,146,Monaco,http://www.countryflags.org/flags/mn-t.gif
147,147,Mongolia,http://www.countryflags.org/flags/mg-t.gif
148,148,Montserrat,http://www.countryflags.org/flags/ms-t.gif
149,149,Morocco,http://www.countryflags.org/flags/mo-t.gif
150,150,Mozambique,http://www.countryflags.org/flags/mz-t.gif
151,151,Myanmar,http://www.countryflags.org/flags/mm-t.gif
152,152,Namibia,http://www.countryflags.org/flags/wa-t.gif
153,153,Nauru,http://www.countryflags.org/flags/nr-t.gif
154,154,Nepal,http://www.countryflags.org/flags/np-t.gif
155,155,Netherlands,http://www.countryflags.org/flags/nl-t.gif
156,156,Netherlands Antilles,http://www.countryflags.org/flags/nt-t.gif
157,157,NATO,http://www.countryflags.org/flags/nato.gif
158,158,New Caledonia,http://www.countryflags.org/flags/nc-t.gif
159,159,New Zealand (Aotearoa),http://www.countryflags.org/flags/nz-t.gif
160,160,Nicaragua,http://www.countryflags.org/flags/ni-t.gif
161,161,Niger,http://www.countryflags.org/flags/ne-t.gif
162,162,Nigeria,http://www.countryflags.org/flags/ng-t.gif
163,163,Niue,http://www.countryflags.org/flags/nu-t.gif
164,164,Norfolk Island,http://www.countryflags.org/flags/nf-t.gif
165,165,Northern Mariana Islands,http://www.countryflags.org/flags/cq-t.gif
166,166,Norway,http://www.countryflags.org/flags/no-t.gif
167,167,Oman,http://www.countryflags.org/flags/mu-t.gif
168,168,Organization of African Unity,http://www.countryflags.org/flags/oau.gif
169,169,Pakistan,http://www.countryflags.org/flags/pk-t.gif
170,170,Palau,http://www.countryflags.org/flags/ps-t.gif
171,171,Palestine,http://www.countryflags.org/flags/palestine.gif
172,172,Panama,http://www.countryflags.org/flags/pm-t.gif
173,173,Papua New Guinea,http://www.countryflags.org/flags/pg-t.gif
174,174,Paraguay,http://www.countryflags.org/flags/py-t.gif
175,175,Peru,http://www.countryflags.org/flags/pe-t.gif
176,176,Philippines,http://www.countryflags.org/flags/ph-t.gif
177,177,Pitcairn,http://www.countryflags.org/flags/pn-t.gif
178,178,Poland,http://www.countryflags.org/flags/pl-t.gif
179,179,Portugal,http://www.countryflags.org/flags/po-t.gif
180,180,Puerto Rico,http://www.countryflags.org/flags/pr-t.gif
181,181,Qatar,http://www.countryflags.org/flags/qa-t.gif
182,182,Reunion,http://www.countryflags.org/flags/re-t.gif
183,183,Romania,http://www.countryflags.org/flags/ro-t.gif
184,184,Russian Federation,http://www.countryflags.org/flags/ru-t.gif
185,185,Rwanda,http://www.countryflags.org/flags/rw-t.gif
186,186,S. Georgia and S. Sandwich Isls.,http://www.countryflags.org/flags/gs-t.gif
187,187,Saint Kitts and Nevis,http://www.countryflags.org/flags/sc-t.gif
188,188,Saint Lucia,http://www.countryflags.org/flags/st-t.gif
189,189,Saint Vincent and the Grenadines,http://www.countryflags.org/flags/vc-t.gif
190,190,Samoa,http://www.countryflags.org/flags/ws-t.gif
191,191,San Marino,http://www.countryflags.org/flags/sm-t.gif
192,192,Sao Tome and Principe,http://www.countryflags.org/flags/tp-t.gif
193,193,Saudi Arabia,http://www.countryflags.org/flags/sa-t.gif
194,194,Senegal,http://www.countryflags.org/flags/sg-t.gif
195,195,Seychelles,http://www.countryflags.org/flags/se-t.gif
196,196,Sierra Leone,http://www.countryflags.org/flags/sl-t.gif
197,197,Singapore,http://www.countryflags.org/flags/sn-t.gif
198,198,Slovak Republic,http://www.countryflags.org/flags/sk-t.gif
199,199,Slovenia,http://www.countryflags.org/flags/si-t.gif
200,200,Solomon Islands,http://www.countryflags.org/flags/bp-t.gif
201,201,Somalia,http://www.countryflags.org/flags/so-t.gif
202,202,South Africa,http://www.countryflags.org/flags/sf-t.gif
203,203,Spain,http://www.countryflags.org/flags/sp-t.gif
204,204,Sri Lanka,http://www.countryflags.org/flags/ce-t.gif
205,205,St. Helena,http://www.countryflags.org/flags/sh-t.gif
206,206,St. Pierre and Miquelon,http://www.countryflags.org/flags/st_pierre_and_miquelon-t.gif
207,207,Sudan,http://www.countryflags.org/flags/sd-t.gif
208,208,Suriname,http://www.countryflags.org/flags/sr-t.gif
209,209,Svalbard and Jan Mayen Islands,http://www.countryflags.org/flags/sv-t.gif
210,210,Swaziland,http://www.countryflags.org/flags/wz-t.gif
211,211,Sweden,http://www.countryflags.org/flags/sw-t.gif
212,212,Switzerland,http://www.countryflags.org/flags/sz-t.gif
213,213,Syria,http://www.countryflags.org/flags/sy-t.gif
214,214,Taiwan,http://www.countryflags.org/flags/tw-t.gif
215,215,Tajikistan,http://www.countryflags.org/flags/tj-t.gif
216,216,Tanzania,http://www.countryflags.org/flags/tz-t.gif
217,217,Thailand,http://www.countryflags.org/flags/th-t.gif
218,218,Togo,http://www.countryflags.org/flags/to-t.gif
219,219,Tokelau,http://www.countryflags.org/flags/tk-t.gif
220,220,Tonga,http://www.countryflags.org/flags/tn-t.gif
221,221,Trinidad and Tobago,http://www.countryflags.org/flags/td-t.gif
222,222,Tunisia,http://www.countryflags.org/flags/ts-t.gif
223,223,Turkey,http://www.countryflags.org/flags/tu-t.gif
224,224,Turkmenistan,http://www.countryflags.org/flags/tx-t.gif
225,225,Turks and Caicos Islands,http://www.countryflags.org/flags/tk-t.gif
226,226,Tuvalu,http://www.countryflags.org/flags/tv-t.gif
227,227,Uganda,http://www.countryflags.org/flags/ug-t.gif
228,228,Ukraine,http://www.countryflags.org/flags/up-t.gif
229,229,United Arab Emirates,http://www.countryflags.org/flags/ue-t.gif
230,230,United Kingdom,http://www.countryflags.org/flags/uk-t.gif
231,231,United States,http://www.countryflags.org/flags/us-t.gif
232,232,Uruguay,http://www.countryflags.org/flags/uy-t.gif
233,233,United Nations Organization,http://www.countryflags.org/flags/uno.gif
234,234,USSR (former),http://www.countryflags.org/flags/ussr.gif
235,235,Uzbekistan,http://www.countryflags.org/flags/uz-t.gif
236,236,Vanuatu,http://www.countryflags.org/flags/nh-t.gif
237,237,Vatican City State (Holy See),http://www.countryflags.org/flags/vt-t.gif
238,238,Venezuela,http://www.countryflags.org/flags/ve-t.gif
239,239,Viet Nam,http://www.countryflags.org/flags/vm-t.gif
240,240,Virgin Islands (British),http://www.countryflags.org/flags/vi-t.gif
241,241,Virgin Islands (U.S.),http://www.countryflags.org/flags/vq-t.gif
242,242,Wallis and Futuna Islands,http://www.countryflags.org/flags/wf-t.gif
243,243,Western Sahara,http://www.countryflags.org/flags/western-sahara.gif
244,244,Yemen,http://www.countryflags.org/flags/ym-t.gif
245,245,Yugoslavia,http://www.countryflags.org/flags/yu-t.gif
246,246,"Zaire (See CD Congo, Democratic Republic)",http://www.countryflags.org/flags/cg-t.gif
247,247,Zambia,http://www.countryflags.org/flags/za-t.gif
248,248,Zimbabwe,http://www.countryflags.org/flags/zi-t.gif
